City_ID,City,Country,Lat,Lng,Max Temp,Humidity,Cloudiness,Wind Speed,Current Description
0,Thompson,CA,55.7435,-97.8558,50.16,87,100,13.8,mist
1,Georgetown,MY,5.4112,100.3354,78.75,89,20,7.0,moderate rain
2,Hobart,AU,-42.8794,147.3294,43.27,94,20,5.75,few clouds
3,Atuona,PF,-9.8,-139.0333,77.86,72,2,19.89,clear sky
4,Albany,US,42.6001,-73.9662,73.24,74,96,5.84,overcast clouds
5,Tasiilaq,GL,65.6145,-37.6368,36.91,95,100,2.8,overcast clouds
6,Sergeyevka,KZ,53.88,67.4158,59.34,76,42,2.71,scattered clouds
7,Khatanga,RU,71.9667,102.5,63.97,42,100,19.75,overcast clouds
8,Praya,CV,14.9215,-23.5087,77.54,50,75,11.5,broken clouds
9,Butaritari,KI,3.0707,172.7902,82.42,75,23,14.09,light rain
10,Hermanus,ZA,-34.4187,19.2345,52.81,50,55,10.13,broken clouds
11,Ust-Kuyga,RU,70.0167,135.6,41.34,56,20,10.33,few clouds
12,Saskylakh,RU,71.9167,114.0833,51.62,51,42,12.41,scattered clouds
13,Longyearbyen,SJ,78.2186,15.6401,37.24,81,75,9.22,broken clouds
14,Portales,US,34.1862,-103.3344,96.33,23,1,5.01,clear sky
15,Punta Arenas,CL,-53.15,-70.9167,33.91,69,20,13.8,few clouds
16,Ponta Do Sol,PT,32.6667,-17.1,70.43,78,61,7.7,broken clouds
17,Padang,ID,-0.9492,100.3543,76.24,90,100,2.64,overcast clouds
18,Port Alfred,ZA,-33.5906,26.891,53.19,79,100,1.99,overcast clouds
19,Rudbar,AF,30.15,62.6,93.34,10,0,6.82,clear sky
20,Mangrol,IN,21.1167,70.1167,83.71,79,85,13.24,overcast clouds
21,Bluff,NZ,-46.6,168.3333,36.81,74,39,5.44,scattered clouds
22,Lac-Megantic,CA,45.5834,-70.8823,74.55,63,64,10.98,broken clouds
23,Rikitea,PF,-23.1203,-134.9692,72.46,66,11,3.6,few clouds
24,New Norfolk,AU,-42.7826,147.0587,42.91,90,98,2.73,overcast clouds
25,Kuusamo,FI,65.9667,29.1833,42.84,93,100,10.36,overcast clouds
26,Kruisfontein,ZA,-34.0033,24.7314,51.89,44,79,6.93,broken clouds
27,College,US,64.8569,-147.8028,72.0,53,75,5.75,broken clouds
28,Touros,BR,-5.1989,-35.4608,75.11,77,16,9.82,few clouds
29,Arraial Do Cabo,BR,-22.9661,-42.0278,69.66,78,0,11.5,clear sky
30,Batsfjord,NO,70.6345,29.7185,40.93,93,100,12.66,overcast clouds
31,Claymont,US,39.8007,-75.4596,77.67,82,100,10.36,overcast clouds
32,Isangel,VU,-19.55,169.2667,80.71,78,100,5.75,overcast clouds
33,Hithadhoo,MV,-0.6,73.0833,81.18,76,100,10.09,light rain
34,Ushuaia,AR,-54.8,-68.3,31.66,93,75,6.31,snow
35,Puerto Ayora,EC,-0.7393,-90.3518,78.76,93,75,5.99,broken clouds
36,Tuktoyaktuk,CA,69.4541,-133.0374,57.2,44,40,13.8,scattered clouds
37,Port Lincoln,AU,-34.7333,135.8667,52.93,72,3,3.44,clear sky
38,Kaitangata,NZ,-46.2817,169.8464,40.06,83,31,3.02,scattered clouds
39,Pevek,RU,69.7008,170.3133,33.33,83,21,5.82,few clouds
40,Puerto Madryn,AR,-42.7692,-65.0385,51.17,48,81,16.55,broken clouds
41,Ustyuzhna,RU,58.8394,36.4321,49.87,86,20,7.31,few clouds
42,Barrow,US,71.2906,-156.7887,50.02,76,0,6.91,clear sky
43,Nioaque,BR,-21.1353,-55.83,76.59,54,0,4.16,clear sky
44,Hilo,US,19.7297,-155.09,83.28,73,75,5.75,light rain
45,Baymak,RU,52.5933,58.3225,58.73,68,66,3.87,broken clouds
46,Cidreira,BR,-30.1811,-50.2056,61.59,81,90,8.93,overcast clouds
47,Yulara,AU,-25.2406,130.9889,56.01,51,54,5.53,broken clouds
48,Mar Del Plata,AR,-38.0023,-57.5575,49.08,82,75,3.44,broken clouds
49,Sur,OM,22.5667,59.5289,89.19,63,17,10.67,few clouds
50,Inuvik,CA,68.3499,-133.7218,70.56,28,75,6.91,broken clouds
51,Galesong,ID,-5.3166,119.3661,73.42,81,67,4.54,broken clouds
52,Soto La Marina,MX,23.7667,-98.2167,90.77,35,18,17.63,few clouds
53,Rongcheng,CN,30.634,117.8517,73.45,91,90,3.13,overcast clouds
54,Luangwa,ZM,-15.6167,30.4167,63.36,55,0,3.47,clear sky
55,Colac,AU,-38.3333,143.5833,48.16,92,100,4.03,overcast clouds
56,Chokurdakh,RU,70.6333,147.9167,48.29,54,76,10.69,broken clouds
57,Impfondo,CG,1.6381,18.0667,71.15,95,77,1.45,moderate rain
58,East London,ZA,-33.0153,27.9116,57.61,60,100,9.01,overcast clouds
59,Hlukhiv,UA,51.6782,33.9162,53.69,85,30,3.15,scattered clouds
60,Lagoa,PT,39.05,-27.9833,66.51,89,1,9.35,clear sky
61,Castro,BR,-24.7911,-50.0119,57.94,84,2,2.8,clear sky
62,Pendleton,US,45.6721,-118.7886,77.61,43,0,8.05,clear sky
63,Ostrovnoy,RU,68.0531,39.5131,41.56,98,100,14.76,light rain
64,Mackay,AU,-21.15,149.2,66.02,83,7,8.34,clear sky
65,Sandi,IN,27.3,79.95,87.89,52,1,7.31,clear sky
66,San Cristobal,VE,7.7669,-72.225,80.78,73,38,4.59,scattered clouds
67,Wanning,CN,18.8003,110.3967,80.53,90,100,12.17,overcast clouds
68,Iquitos,PE,-3.7481,-73.2472,87.84,58,40,6.91,scattered clouds
69,Dikson,RU,73.5069,80.5464,33.35,98,98,7.67,overcast clouds
70,Aripuana,BR,-9.1667,-60.6333,77.7,73,61,1.66,broken clouds
71,Vaini,TO,-21.2,-175.2,77.16,83,40,9.22,scattered clouds
72,Faya,SA,18.3851,42.4509,69.91,24,47,4.12,scattered clouds
73,Jamestown,US,42.097,-79.2353,80.19,89,100,8.01,overcast clouds
74,Panlaitan,PH,12.1191,119.8486,83.21,76,83,6.06,broken clouds
75,Cherskiy,RU,68.75,161.3,52.41,37,68,7.54,broken clouds
76,Kapaa,US,22.0752,-159.319,82.38,78,20,13.8,few clouds
77,Grindavik,IS,63.8424,-22.4338,51.75,81,100,11.5,moderate rain
78,Santa Vitoria Do Palmar,BR,-33.5189,-53.3681,56.8,79,100,2.53,light rain
79,Mataura,NZ,-46.1927,168.8643,35.47,92,38,2.24,scattered clouds
80,Provideniya,RU,64.3833,-173.3,41.36,87,40,13.42,scattered clouds
81,Klaksvik,FO,62.2266,-6.589,50.92,97,99,15.68,overcast clouds
82,Ancud,CL,-41.8697,-73.8203,43.23,76,82,11.39,broken clouds
83,Martil,MA,35.6166,-5.2752,73.36,73,59,2.3,broken clouds
84,Xiamen,CN,24.4798,118.0819,76.24,100,75,2.24,broken clouds
85,Tura,IN,25.5198,90.2201,72.66,99,100,5.3,moderate rain
86,Samarai,PG,-10.6167,150.6667,81.95,80,69,12.59,broken clouds
87,Bengkulu,ID,-3.8004,102.2655,76.17,85,100,3.36,light rain
88,Agadez,NE,19.75,10.25,87.42,29,100,5.48,overcast clouds
89,Tingo Maria,PE,-9.2895,-76.0088,77.85,64,3,0.89,clear sky
90,Lebedyn,UA,50.5852,34.4849,60.35,69,100,2.39,overcast clouds
91,Yellowknife,CA,62.456,-114.3525,54.12,76,100,10.36,light intensity shower rain
92,Nikolskoye,RU,59.7035,30.7861,54.88,75,100,8.86,overcast clouds
93,Havoysund,NO,70.9963,24.6622,41.23,87,100,11.79,overcast clouds
94,Severo-Kurilsk,RU,50.6789,156.125,49.84,79,94,2.39,overcast clouds
95,Bambous Virieux,MU,-20.3428,57.7575,72.21,83,20,9.22,few clouds
96,Torbay,CA,47.6666,-52.7314,59.77,71,20,8.05,few clouds
97,Hamilton,US,39.1834,-84.5333,92.25,62,40,12.66,scattered clouds
98,Aklavik,CA,68.2191,-135.0107,69.53,35,17,7.52,few clouds
99,Mago,RU,53.2514,140.1822,49.21,96,100,2.24,light rain
100,Poum,NC,-20.2333,164.0167,78.69,84,100,12.64,overcast clouds
101,Kropotkin,RU,45.4375,40.5756,59.97,64,49,4.34,scattered clouds
102,Linping,CN,30.4225,120.2972,76.93,85,82,4.45,broken clouds
103,Sal Rei,CV,16.1833,-22.9167,73.44,82,39,16.96,scattered clouds
104,Tiarei,PF,-17.5333,-149.3333,84.22,77,40,20.62,light rain
105,Alekseyevsk,RU,57.8406,108.3492,65.14,69,100,0.65,overcast clouds
106,Excelsior Springs,US,39.3392,-94.2261,96.73,56,40,5.75,scattered clouds
107,Qaanaaq,GL,77.484,-69.3632,35.31,80,11,1.79,few clouds
108,Tiksi,RU,71.6872,128.8694,33.76,82,84,7.76,broken clouds
109,Kapoeta,SS,4.7717,33.5903,79.74,42,9,6.38,clear sky
110,Camana,PE,-16.6228,-72.7111,61.43,83,87,10.78,overcast clouds
111,Coquimbo,CL,-29.9533,-71.3436,56.93,88,40,12.66,scattered clouds
112,Bemidji,US,47.4736,-94.8803,72.55,45,40,25.32,scattered clouds
113,Uong Bi,VN,21.0333,106.7833,82.38,90,100,5.59,overcast clouds
114,Macamic,CA,48.7502,-78.9996,77.13,54,36,12.53,scattered clouds
115,Yichang,CN,30.7144,111.2847,71.56,76,4,2.21,clear sky
116,Busselton,AU,-33.65,115.3333,65.97,70,95,22.66,overcast clouds
117,Vardo,NO,70.3705,31.1107,40.98,87,100,14.97,overcast clouds
118,Zambezi,ZM,-13.5432,23.1047,58.41,50,1,5.03,clear sky
119,San Vicente,AR,-26.6167,-54.1333,63.05,82,99,5.46,overcast clouds
120,Lodwar,KE,3.1191,35.5973,85.51,34,51,17.96,broken clouds
121,Nanortalik,GL,60.1432,-45.2371,37.78,85,26,6.38,scattered clouds
122,Lorengau,PG,-2.0226,147.2712,83.53,74,100,10.42,overcast clouds
123,Alice Springs,AU,-23.7,133.8833,40.55,87,7,0.0,clear sky
124,Sarangani,PH,5.4033,125.4636,82.6,71,99,7.18,overcast clouds
125,Nouakchott,MR,18.0858,-15.9785,76.93,72,1,23.44,clear sky
126,Verkhoyansk,RU,67.5447,133.385,48.78,61,96,8.57,overcast clouds
127,Sao Miguel Do Araguaia,BR,-13.275,-50.1628,80.49,43,54,0.51,broken clouds
128,Constitucion,CL,-35.3333,-72.4167,51.01,80,7,11.63,clear sky
129,Port Elizabeth,ZA,-33.918,25.5701,57.49,67,0,11.5,clear sky
130,Avarua,CK,-21.2078,-159.775,80.65,61,100,9.22,overcast clouds
131,Kodiak,US,57.79,-152.4072,53.11,82,100,6.91,overcast clouds
132,Domoni,KM,-12.2569,44.5319,76.26,76,0,7.58,clear sky
133,Agdas,AZ,40.65,47.4761,71.47,54,7,5.08,clear sky
134,Bredasdorp,ZA,-34.5322,20.0403,51.31,50,58,4.61,broken clouds
135,Fairbanks,US,64.8378,-147.7164,72.01,53,40,3.44,scattered clouds
136,Mapiripan,CO,2.8892,-72.1256,80.42,78,59,1.52,broken clouds
137,Aqtobe,KZ,50.2797,57.2072,59.09,67,0,0.0,clear sky
138,Burnie,AU,-41.0667,145.9167,45.95,82,100,5.64,overcast clouds
139,Vila Franca Do Campo,PT,37.7167,-25.4333,69.19,92,27,3.8,scattered clouds
140,Katherine,AU,-14.4667,132.2667,57.52,44,19,5.75,few clouds
141,Bonoua,CI,5.2741,-3.595,78.42,92,100,8.08,light rain
142,Khor,RU,47.8861,134.9464,64.15,81,50,4.47,scattered clouds
143,Victoria,HK,22.2855,114.1577,84.38,87,94,10.0,overcast clouds
144,Saint George,US,37.1041,-113.5841,108.63,5,0,8.05,clear sky
145,Tabou,CI,4.423,-7.3528,76.03,90,100,10.38,light rain
146,Sitka,US,57.0531,-135.33,71.49,43,0,5.75,clear sky
147,Mineral Wells,US,32.8085,-98.1128,103.08,15,21,10.38,few clouds
148,Shimoda,JP,34.6667,138.95,71.1,93,100,12.75,moderate rain
149,Eureka,US,40.8021,-124.1637,63.12,67,100,5.01,overcast clouds
150,Talnakh,RU,69.4865,88.3972,56.21,86,96,4.09,light rain
151,Jining,CN,35.405,116.5814,84.78,43,19,9.55,few clouds
152,Kavieng,PG,-2.5744,150.7967,82.33,74,40,14.67,scattered clouds
153,Sucre,BO,-19.0333,-65.2627,60.51,21,0,6.98,clear sky
154,Talavera De La Reina,ES,39.9635,-4.8308,74.08,56,100,6.87,overcast clouds
155,Beira,MZ,-19.8436,34.8389,73.49,73,40,8.05,scattered clouds
156,Cururupu,BR,-1.8283,-44.8683,75.0,89,31,3.65,scattered clouds
157,Sioux Lookout,CA,50.1001,-91.917,60.87,88,75,10.36,broken clouds
158,Jatibonico,CU,21.9419,-79.17,84.27,71,69,11.52,broken clouds
159,Ozernovskiy,RU,51.5,156.5167,50.52,80,92,10.51,overcast clouds
160,Rosetta,EG,31.4044,30.4164,74.57,79,0,11.63,clear sky
161,Mahebourg,MU,-20.4081,57.7,72.25,83,20,9.22,few clouds
162,Kaa-Khem,RU,51.6833,94.7333,56.77,73,97,3.38,overcast clouds
163,Upernavik,GL,72.7868,-56.1549,35.19,75,0,7.83,clear sky
164,Clyde River,CA,70.4692,-68.5914,30.43,100,100,31.07,light snow
165,Vanimo,PG,-2.6741,141.3028,77.99,89,92,5.28,moderate rain
166,Haines Junction,CA,60.7522,-137.5108,71.55,33,76,4.61,broken clouds
167,Bosaso,SO,11.2842,49.1816,93.47,38,100,13.24,overcast clouds
168,General Roca,AR,-39.0333,-67.5833,52.63,42,2,31.7,clear sky
169,Turukhansk,RU,65.8167,87.9833,58.89,86,79,6.13,broken clouds
170,Bonnyville,CA,54.2668,-110.735,67.8,64,69,13.89,broken clouds
171,Dongli,CN,23.5656,116.8194,76.98,100,75,4.47,mist
172,Iqaluit,CA,63.7506,-68.5145,42.53,56,75,21.85,broken clouds
173,Saint-Philippe,RE,-21.3585,55.7679,71.19,79,33,10.07,scattered clouds
174,Herat,AF,34.5,62.0,75.74,31,0,26.73,clear sky
175,Datong,CN,40.0936,113.2914,68.5,63,37,3.91,scattered clouds
176,Buraydah,SA,26.326,43.975,95.45,15,2,11.72,clear sky
177,Alofi,NU,-19.0595,-169.9187,80.49,74,20,13.8,few clouds
178,Olgod,DK,55.8068,8.6286,56.68,89,98,7.23,overcast clouds
179,Norman Wells,CA,65.282,-126.8329,66.24,34,20,9.22,few clouds
180,Margate,GB,51.3813,1.3862,67.3,66,100,3.0,overcast clouds
181,Emerald,AU,-23.5333,148.1667,58.33,53,95,11.43,overcast clouds
182,Avera,US,33.194,-82.5271,97.38,30,2,9.57,clear sky
183,Kungsbacka,SE,57.4872,12.0761,61.07,86,3,13.0,clear sky
184,San Juan,AR,-31.5375,-68.5364,51.76,42,0,2.82,clear sky
185,Bethel,US,41.3712,-73.414,68.49,87,99,1.01,overcast clouds
186,Katsuura,JP,35.1333,140.3,72.41,91,100,15.68,overcast clouds
187,Sobolevo,RU,54.4299,31.8996,51.67,89,94,5.84,overcast clouds
188,Ak-Dovurak,RU,51.1833,90.6,53.35,88,58,3.71,broken clouds
189,Veraval,IN,20.9,70.3667,83.73,79,96,13.38,overcast clouds
190,Chifeng,CN,42.2683,118.9636,69.26,66,54,4.18,broken clouds
191,Esperance,AU,-33.8667,121.9,58.91,88,0,13.89,clear sky
192,Broome,US,42.2506,-75.833,77.77,77,40,10.36,scattered clouds
193,El Reno,US,35.5323,-97.955,97.21,44,0,18.41,haze
194,Ilulissat,GL,69.2167,-51.1,44.89,54,100,12.17,overcast clouds
195,Pokhara,NP,28.2333,83.9833,71.02,90,91,0.96,overcast clouds
196,Solhan,TR,38.9634,41.0293,62.17,60,11,3.22,few clouds
197,Husavik,IS,66.0449,-17.3389,54.61,58,64,4.68,broken clouds
198,Magadan,RU,59.5667,150.8,45.54,94,100,5.01,light rain
199,Mount Isa,AU,-20.7333,139.5,53.37,47,0,5.75,clear sky
200,Chicama,PE,-7.8447,-79.1469,63.14,68,18,11.25,few clouds
201,Lazarev,RU,52.225,141.5131,43.09,97,100,7.11,overcast clouds
202,Balsas,BR,-7.5325,-46.0356,80.67,53,100,3.65,overcast clouds
203,Mitsamiouli,KM,-11.3847,43.2844,77.85,69,2,5.55,clear sky
204,Santa Cruz,BO,-17.8,-63.1667,83.66,47,20,26.46,few clouds
205,Zhigansk,RU,66.7697,123.3711,48.29,50,0,22.1,clear sky
206,Aykhal,RU,66.0,111.5,57.43,49,100,4.18,overcast clouds
207,Hede,CN,33.7681,120.2517,76.89,70,9,3.42,clear sky
208,Rio Claro,BR,-22.4114,-47.5614,63.66,58,0,1.3,clear sky
209,Port-Gentil,GA,-0.7193,8.7815,75.16,88,20,4.61,few clouds
210,Faanui,PF,-16.4833,-151.75,80.26,68,0,17.36,clear sky
211,Portel,BR,-1.9356,-50.8211,77.11,70,90,2.48,overcast clouds
212,Ixtapa,MX,20.7,-105.2,84.22,77,100,4.0,overcast clouds
213,Karratha,AU,-20.7377,116.8463,71.65,54,34,7.78,scattered clouds
214,Panguna,PG,-6.3164,155.4848,73.76,82,97,3.29,light rain
215,Saldanha,ZA,-33.0117,17.9442,59.05,54,98,14.92,overcast clouds
216,Elizabeth City,US,36.2946,-76.2511,84.0,76,100,5.99,overcast clouds
217,Usinsk,RU,65.9939,57.5281,57.99,60,100,11.3,overcast clouds
218,Luderitz,NA,-26.6481,15.1594,59.02,46,3,6.91,clear sky
219,Basco,PH,20.4487,121.9702,85.55,74,87,12.35,overcast clouds
220,Smithers,CA,54.7804,-127.1743,57.52,82,100,2.3,light rain
221,Sayyan,YE,15.1718,44.3244,64.36,44,9,2.19,clear sky
222,Kandi,BJ,11.1342,2.9386,77.36,67,89,4.63,overcast clouds
223,Ribeira Grande,PT,38.5167,-28.7,68.22,88,0,5.7,clear sky
224,Hami,CN,42.8,93.45,75.22,34,66,19.13,broken clouds
225,Amurzet,RU,47.6967,131.0981,63.01,92,100,4.16,overcast clouds
226,Coatesville,US,39.9832,-75.8238,77.86,83,100,3.0,overcast clouds
227,Kimbe,PG,-5.5502,150.1429,78.62,86,92,1.79,overcast clouds
228,Paita,PE,-5.0892,-81.1144,68.07,70,20,21.79,few clouds
229,Gold Coast,AU,-28.0,153.4333,56.03,93,0,4.61,clear sky
230,Eirunepe,BR,-6.6603,-69.8736,72.46,97,96,2.68,overcast clouds
231,Berdigestyakh,RU,62.0989,126.6992,54.68,68,52,7.45,broken clouds
232,Airai,TL,-8.9266,125.4092,57.69,93,91,3.89,overcast clouds
233,Anadyr,RU,64.75,177.4833,54.1,66,0,15.66,clear sky
234,Narsaq,GL,60.9167,-46.05,42.33,69,32,8.08,scattered clouds
235,Lebu,CL,-37.6167,-73.65,49.14,79,46,5.14,scattered clouds
236,Almonte,ES,37.2647,-6.5167,73.44,67,51,6.11,broken clouds
237,Nadym,RU,65.5333,72.5167,47.17,64,14,13.33,few clouds
238,Saint Anthony,US,45.0205,-93.218,79.9,48,67,5.01,broken clouds
239,Souillac,MU,-20.5167,57.5167,71.98,83,20,9.22,few clouds
240,Kralendijk,BQ,12.15,-68.2667,81.05,85,38,21.99,scattered clouds
241,Lavrentiya,RU,65.5833,-171.0,40.96,84,74,11.5,broken clouds
242,Warmbad,NA,-28.45,18.7333,56.64,27,4,10.25,clear sky
243,Robertson,US,36.5167,-86.8667,98.37,48,0,5.75,clear sky
244,Pangnirtung,CA,66.1451,-65.7125,39.2,75,75,17.27,broken clouds
245,Sola,VU,-13.8833,167.55,81.27,89,75,4.61,broken clouds
246,Caravelas,BR,-17.7125,-39.2481,69.04,71,1,5.53,clear sky
247,Fershampenuaz,RU,53.5202,59.8117,64.13,68,80,4.83,broken clouds
248,Bayir,TR,37.2687,28.2167,64.92,70,0,3.6,clear sky
249,Atbasar,KZ,51.8,68.3333,62.98,67,58,4.99,broken clouds
250,Samana,DO,19.2056,-69.3369,82.62,78,75,0.0,broken clouds
251,Berlevag,NO,70.8578,29.0864,41.0,81,75,9.22,broken clouds
252,Sillod,IN,20.3,75.65,79.63,67,99,10.47,moderate rain
253,Teguldet,RU,57.3064,88.1667,54.37,99,100,5.46,light rain
254,Garissa,KE,-0.4536,39.6401,75.42,78,40,15.57,scattered clouds
255,Bratsk,RU,56.1325,101.6142,63.09,93,91,4.54,overcast clouds
256,Blackwater,AU,-23.5833,148.8833,60.75,57,90,6.33,overcast clouds
257,Lompoc,US,34.6391,-120.4579,83.79,69,75,24.0,broken clouds
258,Kununurra,AU,-15.7667,128.7333,55.38,50,80,4.61,broken clouds
259,Dudinka,RU,69.4058,86.1778,56.62,96,100,8.39,light rain
260,Nioro,GM,13.35,-15.75,79.79,66,57,11.83,broken clouds
261,Bara,NG,10.3744,10.7288,76.01,80,100,3.22,moderate rain
262,Palmer,US,42.1584,-72.3287,70.21,71,100,18.41,overcast clouds
263,Sydney,AU,-33.8679,151.2073,55.71,74,20,10.36,few clouds
264,Mnogovershinnyy,RU,53.9353,139.9242,48.56,84,100,2.66,overcast clouds
265,Kirakira,SB,-10.4544,161.9205,82.2,78,100,9.04,overcast clouds
266,Merauke,ID,-8.4667,140.3333,78.55,86,16,12.33,few clouds
267,Goldap,PL,54.3063,22.3036,50.29,95,100,4.74,overcast clouds
268,Panzhihua,CN,26.5851,101.7128,69.3,94,100,0.94,overcast clouds
269,Kostomuksha,RU,64.571,30.5767,45.79,96,100,8.72,overcast clouds
270,Sao Filipe,CV,14.8961,-24.4956,74.12,85,30,3.85,scattered clouds
271,Nizwa,OM,22.9333,57.5333,90.18,37,8,1.61,clear sky
272,Hofn,IS,64.2539,-15.2082,50.23,85,100,9.48,overcast clouds
273,Fort Nelson,CA,58.8053,-122.7002,58.59,72,100,0.0,overcast clouds
274,Caibarien,CU,22.5206,-79.4669,83.08,75,53,14.14,broken clouds
275,Pisco,PE,-13.7,-76.2167,69.85,64,75,24.16,dust
276,Dzaoudzi,YT,-12.7887,45.2699,76.89,83,0,8.05,clear sky
277,Vila Velha,BR,-20.3297,-40.2925,69.94,81,40,3.44,scattered clouds
278,Davila,PH,18.4726,120.5763,78.78,77,70,4.36,broken clouds
279,Severobaykalsk,RU,55.65,109.3167,54.52,73,84,1.34,broken clouds
280,Acapulco,MX,16.8634,-99.8901,79.11,83,100,4.38,overcast clouds
281,Biak,ID,-0.9131,122.8766,75.24,83,74,4.85,broken clouds
282,Babstovo,RU,48.1167,132.4833,60.12,97,100,4.47,overcast clouds
283,Eseka,CM,3.65,10.7667,71.26,100,100,1.83,moderate rain
284,Carnarvon,AU,-24.8667,113.6333,71.24,80,87,8.9,overcast clouds
285,Beringovskiy,RU,63.05,179.3167,44.6,74,73,6.38,broken clouds
286,Deputatskiy,RU,69.3,139.9,42.85,64,98,4.72,overcast clouds
287,Ridgecrest,US,35.6225,-117.6709,106.02,5,0,11.99,clear sky
288,Marawi,PH,7.9986,124.2928,68.92,91,77,2.75,broken clouds
289,Dingle,PH,10.9995,122.6711,77.7,85,86,4.23,overcast clouds
290,Rio Negrinho,BR,-26.2544,-49.5183,56.03,90,4,1.21,clear sky
291,Kahului,US,20.8947,-156.47,85.96,80,16,5.01,few clouds
292,Hovd,MN,48.0056,91.6419,64.72,31,100,4.41,overcast clouds
293,Guerrero Negro,MX,27.9769,-114.0611,75.33,48,0,18.23,clear sky
294,Severodvinsk,RU,64.5635,39.8302,57.31,96,100,9.1,overcast clouds
295,San Rafael,AR,-34.6177,-68.3301,52.32,31,0,6.62,clear sky
296,Lake Havasu City,US,34.4839,-114.3224,113.05,3,0,11.5,clear sky
297,Ciudad Bolivar,VE,8.1222,-63.5497,85.68,56,93,10.02,overcast clouds
298,La Asuncion,VE,11.0333,-63.8628,94.73,49,18,18.41,few clouds
299,Cape Town,ZA,-33.9258,18.4232,62.11,52,0,9.22,clear sky
300,Acurenam,GQ,1.0322,10.6488,67.75,97,100,3.47,overcast clouds
301,Kologriv,RU,58.8275,44.3178,50.07,96,21,4.43,few clouds
302,Te Anau,NZ,-45.4167,167.7167,40.32,93,54,1.52,broken clouds
303,Tigil,RU,57.8,158.6667,51.58,95,100,10.42,moderate rain
304,Kolosovka,RU,56.4678,73.611,54.14,89,100,10.4,overcast clouds
305,Labuan,MY,5.2767,115.2417,79.16,94,20,0.0,few clouds
306,Nanakuli,US,21.3906,-158.1547,82.45,78,100,5.75,light rain
307,Yeniseysk,RU,58.4497,92.1703,56.39,99,99,3.71,light rain
308,Necochea,AR,-38.5473,-58.7368,48.88,74,0,6.51,clear sky
309,Aldan,RU,58.6031,125.3894,58.82,69,87,2.01,overcast clouds
310,Nemuro,JP,43.3236,145.575,54.45,96,44,6.91,scattered clouds
311,Phan Thiet,VN,10.9333,108.1,76.6,88,91,4.03,overcast clouds
312,Yeppoon,AU,-23.1333,150.7333,58.78,75,89,6.78,overcast clouds
313,Assiniboia,CA,49.6334,-105.9845,67.82,49,70,13.8,broken clouds
314,Leh,IN,34.1667,77.5833,54.28,41,97,5.88,overcast clouds
315,Zhuanghe,CN,39.7008,122.9911,64.87,91,21,7.14,few clouds
316,Axim,GH,4.8699,-2.2405,74.7,91,100,10.22,light rain
317,Japura,ID,-0.3167,102.35,72.86,99,100,2.1,overcast clouds
318,Nehe,CN,48.4833,124.8333,63.57,69,6,12.1,clear sky
319,Puerto Escondido,MX,15.85,-97.0667,80.67,80,100,6.51,overcast clouds
320,Iquique,CL,-20.2208,-70.1431,64.44,75,75,5.46,broken clouds
321,Wagar,SD,16.1525,36.2032,92.84,31,14,8.88,few clouds
322,Half Moon Bay,US,37.4636,-122.4286,77.58,65,0,13.8,clear sky
323,Rancho Palos Verdes,US,33.7445,-118.387,87.85,79,22,10.0,few clouds
324,Rio Gallegos,AR,-51.6226,-69.2181,35.65,69,20,24.16,few clouds
325,Lima,PE,-12.0432,-77.0282,63.39,74,0,13.8,clear sky
326,Alakurtti,RU,66.9672,30.3491,43.74,91,100,15.21,overcast clouds
327,Leningradskiy,RU,69.3833,178.4167,36.88,76,92,11.59,overcast clouds
328,Jalu,LY,29.0331,21.5482,83.5,27,3,9.71,clear sky
329,Beyneu,KZ,45.3167,55.2,81.97,21,100,8.9,overcast clouds
330,San Quintin,MX,30.4833,-115.95,71.38,58,1,9.8,clear sky
331,Guhagar,IN,17.4842,73.1929,79.47,87,100,3.29,overcast clouds
332,Broken Hill,AU,-31.95,141.4333,54.73,53,89,7.14,overcast clouds
333,Bandarbeyla,SO,9.4942,50.8122,78.03,79,100,25.7,overcast clouds
334,Marfino,RU,55.7028,37.3822,60.94,60,0,6.71,clear sky
335,Conakry,GN,9.538,-13.6773,82.47,83,75,11.5,broken clouds
336,Bathsheba,BB,13.2167,-59.5167,84.81,70,40,23.02,scattered clouds
337,Elk,PL,53.8282,22.3647,52.36,94,100,6.02,overcast clouds
338,Krasnoselkup,RU,65.7,82.4667,61.2,84,86,2.89,overcast clouds
339,Auxerre,FR,47.8,3.5667,64.63,68,96,5.53,overcast clouds
340,Henties Bay,NA,-22.116,14.2845,58.32,84,5,8.1,clear sky
341,Watertown,US,42.3709,-71.1828,75.58,54,91,13.0,overcast clouds
342,Kavaratti,IN,10.5669,72.642,82.49,78,94,13.13,overcast clouds
343,Kharitonovo,RU,61.4009,47.4978,52.18,96,74,3.13,broken clouds
344,Macherla,IN,16.4833,79.4333,84.85,66,100,5.12,overcast clouds
345,Panuco,MX,22.05,-98.1667,89.28,48,92,13.76,overcast clouds
346,Havre-Saint-Pierre,CA,50.2334,-63.5986,73.76,49,0,11.5,clear sky
347,Ligayan,PH,4.6533,119.4706,82.71,74,81,9.84,broken clouds
348,Baruun-Urt,MN,46.6806,113.2792,63.91,69,100,4.36,light rain
349,Warwick,US,41.7001,-71.4162,72.75,68,99,5.01,overcast clouds
350,Meulaboh,ID,4.1363,96.1285,75.83,86,100,3.24,overcast clouds
351,Ishigaki,JP,24.3448,124.1572,80.73,94,75,10.36,heavy intensity rain
352,Kabare,CD,-2.4683,28.8242,59.88,91,9,0.69,clear sky
353,Semikarakorsk,RU,47.5194,40.8112,58.84,67,17,4.41,few clouds
354,San Patricio,US,28.017,-97.5169,97.52,42,12,17.4,few clouds
355,Cabedelo,BR,-6.9811,-34.8339,76.96,76,10,8.99,clear sky
356,Batagay-Alyta,RU,67.8006,130.4114,40.82,77,99,6.04,overcast clouds
357,Erzin,TR,36.9559,36.2,73.26,75,0,1.23,clear sky
358,Tuy Hoa,VN,13.0833,109.3,77.43,84,88,5.28,overcast clouds
359,Quatre Cocos,MU,-20.2078,57.7625,72.09,67,4,8.61,clear sky
360,Mount Gambier,AU,-37.8333,140.7667,46.31,100,100,4.61,fog
361,Maarianhamina,AX,60.0973,19.9348,48.06,93,0,2.3,clear sky
362,Chacabuco,AR,-34.6417,-60.4739,53.58,65,0,6.93,clear sky
363,Oranjemund,NA,-28.55,16.4333,61.34,36,28,6.73,scattered clouds
364,Honiara,SB,-9.4333,159.95,82.26,73,67,7.7,broken clouds
365,Coulommiers,FR,48.8145,3.085,71.98,70,52,6.85,broken clouds
366,Hanzhong,CN,33.0728,107.0303,67.39,75,22,1.81,few clouds
367,Progreso,MX,21.2833,-89.6667,87.12,71,8,16.62,clear sky
368,San Policarpo,PH,12.1791,125.5072,80.69,82,74,3.8,broken clouds
369,Olafsvik,IS,64.8945,-23.7142,49.48,73,73,8.77,broken clouds
370,Kyzyl-Suu,KG,42.3414,78.0056,51.89,70,62,5.46,broken clouds
371,Tubinskiy,RU,52.8892,58.2225,56.73,73,35,3.09,scattered clouds
372,Baracoa,CU,20.3467,-74.4958,83.55,72,99,5.97,overcast clouds
373,Cabo San Lucas,MX,22.8909,-109.9124,93.61,64,88,7.85,overcast clouds
374,Najran,SA,17.4924,44.1277,79.92,17,14,3.06,few clouds
375,Ziro,IN,27.6333,93.8333,57.02,100,100,0.38,overcast clouds
376,Praia,CV,14.9215,-23.5087,74.46,82,37,11.79,scattered clouds
377,Bogorodsk,RU,56.1033,43.5158,52.95,87,19,4.38,few clouds
378,Imbituba,BR,-28.24,-48.6703,64.85,96,10,5.01,clear sky
379,Nyurba,RU,63.2842,118.3319,55.13,62,3,6.42,clear sky
380,Key West,US,24.5557,-81.7826,88.0,70,75,15.1,broken clouds
381,Altay,CN,47.8667,88.1167,60.64,44,97,1.99,overcast clouds
382,Evensk,RU,61.95,159.2333,52.75,60,100,2.57,overcast clouds
383,Ewo,CG,-0.8725,14.8206,77.34,70,76,4.27,light rain
384,Grand Gaube,MU,-20.0064,57.6608,72.37,73,1,3.0,clear sky
385,Oksfjord,NO,70.2396,22.3479,44.78,77,79,4.65,broken clouds
386,Russell,US,32.3502,-85.1999,96.01,28,27,6.17,scattered clouds
387,Taoudenni,ML,22.6783,-3.9836,97.3,25,59,16.17,broken clouds
388,Tacna,PE,-18.0056,-70.2483,54.91,78,10,5.28,clear sky
389,Laguna De Perlas,NI,12.3429,-83.6712,77.94,89,100,3.65,overcast clouds
390,Carauari,BR,-4.8828,-66.8958,77.14,85,66,2.28,broken clouds
391,Shelburne,CA,44.0787,-80.2041,73.67,71,3,13.51,clear sky
392,Svetlogorsk,BY,52.6333,29.7333,57.31,84,98,1.81,overcast clouds
393,Ybycui,PY,-26.0167,-57.05,67.35,93,100,1.01,overcast clouds
394,Namatanai,PG,-3.6667,152.4333,81.01,76,49,9.24,scattered clouds
395,Marapanim,BR,-0.7175,-47.6997,74.41,93,65,4.34,light rain
396,Rundu,NA,-17.9333,19.7667,54.77,41,1,6.06,clear sky
397,Comodoro Rivadavia,AR,-45.8667,-67.5,48.9,57,84,28.5,broken clouds
398,Qena,EG,26.1615,32.7183,87.13,26,0,7.74,clear sky
399,Ulaanbaatar,MN,47.9077,106.8832,59.0,88,0,1.66,clear sky
400,Morogoro,TZ,-6.8167,37.6667,68.07,86,57,2.91,broken clouds
401,Road Town,VG,18.4167,-64.6167,82.44,74,20,6.91,few clouds
402,Sebinkarahisar,TR,40.2883,38.4236,54.12,88,15,2.21,few clouds
403,Naryan-Mar,RU,67.6713,53.087,55.89,62,100,16.87,overcast clouds
404,Salalah,OM,17.0151,54.0924,82.69,84,42,6.11,scattered clouds
405,Okhotsk,RU,59.3833,143.3,46.38,84,72,2.59,broken clouds
406,Korgen,NO,66.0771,13.8153,53.19,98,100,3.2,overcast clouds
407,Tuatapere,NZ,-46.1333,167.6833,40.93,88,18,3.18,few clouds
408,Langarud,IR,37.197,50.1535,70.92,75,0,3.62,clear sky
409,Southbridge,US,42.0751,-72.0334,70.43,73,87,1.01,overcast clouds
410,Russkiy,RU,43.0147,131.8642,58.86,97,74,5.97,broken clouds
411,Mehamn,NO,71.0357,27.8492,40.95,81,100,6.91,overcast clouds
412,Muborak,UZ,39.2553,65.1528,83.97,13,0,10.76,clear sky
413,Katobu,ID,-4.9408,122.5276,73.92,97,100,3.29,light rain
414,Gigmoto,PH,13.7796,124.39,81.75,82,42,3.33,scattered clouds
415,Waitara,NZ,-38.925,174.25,56.23,83,97,5.86,overcast clouds
416,Saint-Pierre,RE,-21.3393,55.4781,71.28,64,0,9.22,clear sky
417,Lisakovsk,KZ,52.5369,62.4936,67.73,59,81,4.9,broken clouds
418,Hasaki,JP,35.7333,140.8333,70.29,85,100,9.06,light rain
419,Asosa,ET,10.0667,34.5333,58.71,93,100,10.02,light rain
420,Tolaga Bay,NZ,-38.3667,178.3,59.7,64,40,7.14,scattered clouds
421,Waterloo,CA,43.4668,-80.5164,77.56,68,4,12.64,clear sky
422,Tautira,PF,-17.7333,-149.15,78.91,75,66,18.75,broken clouds
423,Pavilosta,LV,56.8879,21.1859,51.71,87,20,3.89,few clouds
424,Falmouth,GB,50.1544,-5.0711,59.9,94,0,10.36,clear sky
425,Greymouth,NZ,-42.4667,171.2,51.03,90,97,4.36,overcast clouds
426,Boa Vista,BR,2.8197,-60.6733,82.38,74,40,4.61,light rain
427,Portland,US,45.5234,-122.6762,72.48,54,62,3.0,broken clouds
428,Griffith,US,41.5284,-87.4237,96.73,30,0,23.02,clear sky
429,Kharopon,GR,41.2667,23.3833,72.32,80,51,0.54,broken clouds
430,Kalmunai,LK,7.4167,81.8167,78.3,81,100,5.23,moderate rain
431,Semme,FR,46.1963,1.5007,77.41,63,74,5.23,broken clouds
432,Khartoum,SD,15.5518,32.5324,92.01,36,91,10.31,overcast clouds
433,Chuy,UY,-33.6971,-53.4616,55.42,83,100,2.64,moderate rain
434,Lugovoy,KZ,42.9472,72.7644,63.75,49,33,3.15,scattered clouds
435,Riyadh,SA,24.6877,46.7219,88.32,17,5,3.89,clear sky
436,Bilma,NE,18.6853,12.9164,89.26,33,80,8.66,broken clouds
437,Camopi,GF,3.1655,-52.3158,72.39,98,93,3.38,overcast clouds
438,Belyy Yar,RU,53.6039,91.3903,53.85,80,0,2.24,clear sky
439,Tavistock,GB,50.5494,-4.1442,63.66,64,100,4.32,overcast clouds
440,Santa Maria,BR,-29.6842,-53.8069,60.57,93,100,4.27,overcast clouds
441,Antalaha,MG,-14.9003,50.2788,67.55,87,2,4.32,clear sky
442,Along,IN,28.1667,94.7667,71.15,99,100,0.54,light rain
443,Asau,RO,46.4333,26.4,58.12,80,22,5.08,few clouds
444,Troitsko-Pechorsk,RU,62.7084,56.1964,58.93,95,100,3.15,overcast clouds
445,Manokwari,ID,-0.8667,134.0833,78.33,74,82,1.81,broken clouds
446,Abu Dhabi,AE,24.4667,54.3667,89.71,79,0,5.99,clear sky
447,Simao,CN,22.7886,100.9748,63.79,99,100,2.64,overcast clouds
448,Palmas,BR,-10.2128,-48.3603,84.07,45,0,2.3,clear sky
449,Harper,LR,4.375,-7.7169,76.73,87,100,10.74,light rain
450,Maues,BR,-3.3836,-57.7186,77.5,74,38,2.42,scattered clouds
451,Ponorogo,ID,-7.8685,111.462,74.32,92,34,0.34,scattered clouds
452,Gorin,RU,51.1983,136.6669,54.88,92,100,4.12,overcast clouds
453,Kozulka,UA,50.0351,23.797,58.95,89,92,9.06,overcast clouds
454,Batyrevo,RU,55.0675,47.6111,53.64,94,57,5.68,broken clouds
455,Yermakovskoye,RU,53.2831,92.4003,51.73,80,1,2.44,clear sky
456,Sao Simao,BR,-21.4792,-47.5508,64.72,52,0,3.71,clear sky
457,Dubbo,AU,-32.25,148.6167,50.13,87,100,5.75,overcast clouds
458,Miraflores,MX,19.2167,-98.8083,74.16,71,100,3.36,overcast clouds
459,Predivinsk,RU,57.0669,93.4378,53.76,99,77,5.03,broken clouds
460,Havelock,US,34.8791,-76.9013,82.98,73,68,5.01,broken clouds
461,Camacha,PT,33.0833,-16.3333,65.62,83,40,14.97,scattered clouds
462,Tlancualpican,MX,18.4333,-98.7,90.99,22,100,14.29,overcast clouds
463,Kudahuvadhoo,MV,2.6708,72.8944,83.44,74,100,11.59,light rain
464,Kayes,ML,14.0,-11.0,92.17,35,99,9.44,overcast clouds
465,Terre-De-Bas,GP,15.8501,-61.6442,81.91,76,72,13.98,broken clouds
466,Cayenne,GF,4.9333,-52.3333,76.08,1,0,0.0,clear sky
467,Vestmannaeyjar,IS,63.4427,-20.2734,49.32,91,100,19.17,light rain
468,Cap Malheureux,MU,-19.9842,57.6142,72.46,73,1,3.0,clear sky
469,Pringsewu,ID,-5.3582,104.9744,72.91,96,100,0.69,overcast clouds
470,Davidson,US,36.1501,-86.7833,99.68,50,0,10.36,haze
471,Gat,IL,31.61,34.7642,77.68,100,0,7.0,clear sky
472,Lewistown,US,40.5992,-77.5714,90.25,86,75,5.75,broken clouds
473,Kyshtovka,RU,56.555,76.6271,54.19,97,100,11.63,light rain
474,Ambulu,ID,-8.345,113.6058,74.23,88,45,3.15,scattered clouds
475,Vuktyl,RU,63.8567,57.3094,61.2,94,100,6.33,overcast clouds
476,Wallacetown,NZ,-46.3333,168.2667,38.01,94,42,2.84,scattered clouds
477,Governador Valadares,BR,-18.8511,-41.9494,67.77,56,0,1.07,clear sky
478,Ramhormoz,IR,31.28,49.6035,88.97,11,0,3.06,clear sky
479,Linxia,CN,35.6003,103.2064,55.45,54,44,3.91,scattered clouds
480,Derzhavinsk,KZ,51.1,66.3167,68.16,53,67,4.45,broken clouds
481,Lazaro Cardenas,MX,17.9583,-102.2,77.99,86,100,12.24,overcast clouds
482,Cervo,ES,43.6702,-7.4101,68.97,92,96,8.95,overcast clouds
483,Petauke,ZM,-14.2426,31.3253,62.64,49,0,7.49,clear sky
484,Luquillo,PR,18.3725,-65.7166,84.15,74,40,8.05,scattered clouds
485,Dicabisagan,PH,17.0818,122.4157,80.83,84,65,6.4,broken clouds
486,Waitati,NZ,-45.75,170.5667,47.8,72,49,2.73,scattered clouds
487,Mana,GF,5.6592,-53.7767,77.5,84,97,6.6,light rain
488,Gloversville,US,43.0528,-74.3438,75.36,86,100,5.75,overcast clouds
489,San Jose,US,37.3394,-121.895,81.86,47,0,14.97,clear sky
490,Araouane,ML,18.9048,-3.5265,83.1,54,44,14.27,scattered clouds
491,Haradok,BY,55.4624,29.9816,52.72,92,100,4.76,overcast clouds
492,Barcelos,PT,41.5388,-8.6151,70.92,98,60,1.68,broken clouds
493,Lynn Haven,US,30.2455,-85.6483,92.98,61,0,8.05,clear sky
494,Port Hedland,AU,-20.3167,118.5667,62.65,63,51,6.91,broken clouds
495,Ponta Delgada,PT,37.7333,-25.6667,69.49,82,75,10.36,broken clouds
496,Batemans Bay,AU,-35.7167,150.1833,53.1,69,86,4.0,overcast clouds
497,Kingman,US,35.1894,-114.053,102.45,3,0,25.32,clear sky
498,Sancti Spiritus,CU,21.9297,-79.4425,83.98,74,51,10.29,broken clouds
499,Zhaotong,CN,27.3167,103.7167,56.8,93,100,1.7,overcast clouds
500,San Francisco Del Mar,MX,16.2333,-94.65,86.27,65,100,11.77,overcast clouds
501,Sao Raimundo Nonato,BR,-9.0153,-42.6994,78.87,45,69,3.18,broken clouds
502,Semey,KZ,50.4111,80.2275,57.92,78,23,7.54,few clouds
503,Erenhot,CN,43.6475,111.9767,72.68,38,100,10.67,overcast clouds
504,Lata,PT,40.1629,-8.3327,67.08,93,19,2.53,few clouds
505,Kovin,RS,44.7475,20.9761,66.88,73,70,4.47,broken clouds
506,Tripoli,LY,32.8752,13.1875,75.92,62,0,10.6,clear sky
507,Shache,CN,38.4167,77.2406,79.45,16,45,19.89,scattered clouds
508,Raudeberg,NO,61.9875,5.1352,52.86,94,93,11.03,overcast clouds
509,Huron,US,41.1501,-82.5499,90.86,61,65,11.61,broken clouds
510,Geraldton,AU,-28.7667,114.6,61.21,88,10,12.66,light rain
511,Shingu,JP,33.7333,135.9833,73.54,83,100,2.66,overcast clouds
512,Banda Aceh,ID,5.5577,95.3222,79.52,81,99,8.34,overcast clouds
513,Ferme-Neuve,CA,46.7001,-75.4493,75.81,86,100,9.6,overcast clouds
514,Bungu,TZ,-7.6337,39.0582,69.48,94,67,3.6,broken clouds
515,Kalemie,CD,-5.9475,29.1947,71.28,62,25,1.95,scattered clouds
516,Xingtai,CN,37.0631,114.4942,78.66,47,55,13.22,broken clouds
517,Cockburn Town,TC,21.4612,-71.1419,84.16,70,40,9.22,scattered clouds
518,Kangaatsiaq,GL,68.3065,-53.4641,34.34,93,100,14.47,overcast clouds
519,Guaymas,MX,27.9333,-110.9,100.89,55,0,19.57,clear sky
520,Teahupoo,PF,-17.8333,-149.2667,78.76,74,78,18.77,broken clouds
521,Uyuni,BO,-20.4597,-66.825,41.67,21,0,23.69,clear sky
522,Swan Hill,AU,-35.3378,143.5544,46.69,90,89,6.13,overcast clouds
523,Skegness,GB,53.1436,0.3363,66.22,82,99,10.33,overcast clouds
524,Salmas,IR,38.1973,44.7653,67.28,48,6,3.33,clear sky
525,La Ronge,CA,55.1001,-105.2842,54.57,75,100,7.49,overcast clouds
526,Coihaique,CL,-45.5752,-72.0662,34.36,86,43,8.28,scattered clouds
527,Port Said,EG,31.2565,32.2841,76.75,75,0,13.02,clear sky
528,Bridgetown,BB,13.1,-59.6167,82.89,74,20,21.85,few clouds
529,Zanjan,IR,36.6736,48.4787,60.44,57,0,6.49,clear sky
530,Badlapur,IN,19.15,73.2667,84.0,79,89,5.61,overcast clouds
531,Ivankiv,UA,50.9386,29.8943,59.65,70,100,5.17,overcast clouds
532,Sibolga,ID,1.7427,98.7792,75.13,91,100,4.07,overcast clouds
533,Gao,ML,16.6362,1.637,87.82,43,74,3.98,broken clouds
534,Yar-Sale,RU,66.8333,70.8333,47.07,62,32,11.77,scattered clouds
535,Codrington,AU,-38.2667,141.9667,47.21,93,95,6.53,overcast clouds
536,Santa Rosa,PH,14.3122,121.1114,82.38,83,96,4.32,overcast clouds
537,Kuala Terengganu,MY,5.3302,103.1408,77.9,84,93,4.56,overcast clouds
538,Inirida,CO,3.8653,-67.9239,78.06,85,60,1.28,broken clouds
539,Mildura,AU,-34.2,142.15,52.07,91,85,7.7,overcast clouds
540,The Valley,AI,18.217,-63.0578,83.1,77,100,8.86,overcast clouds
541,Togur,RU,58.3631,82.8265,51.64,98,73,4.14,broken clouds
542,Aksu,CN,41.1231,80.2644,74.28,20,76,12.17,broken clouds
543,Jiaozuo,CN,35.2397,113.2331,83.93,32,4,1.95,clear sky
544,Port Loko,SL,8.7667,-12.7833,74.95,96,100,3.8,moderate rain
545,Saint-Francois,FR,46.4154,3.9054,67.44,77,0,4.61,clear sky
546,Whitehorse,CA,60.7161,-135.0538,70.02,40,54,5.01,broken clouds
547,Nortelandia,BR,-14.4547,-56.8028,79.23,59,80,4.29,broken clouds
548,Caohai,CN,26.8661,104.2841,56.21,98,100,2.57,light rain
549,Kieta,PG,-6.2167,155.6333,80.92,77,99,3.6,light rain
550,Amga,RU,60.8953,131.9608,58.08,84,99,1.28,overcast clouds
551,Hobyo,SO,5.3505,48.5268,78.37,83,99,23.53,overcast clouds
552,Bubaque,GW,11.2833,-15.8333,79.63,84,67,21.68,broken clouds
553,Westport,US,41.1415,-73.3579,69.84,86,100,12.66,overcast clouds
554,Rostovka,RU,55.3842,71.8891,53.58,87,41,8.63,scattered clouds
555,Komsomolskiy,UZ,40.4272,71.7189,70.99,59,100,2.08,overcast clouds
556,Marathon,US,44.9,-89.7668,78.33,43,75,26.46,broken clouds
557,Novobureyskiy,RU,49.798,129.8774,59.54,98,100,3.87,moderate rain
558,Nome,US,64.5011,-165.4064,57.16,66,0,6.91,clear sky
559,Praia Da Vitoria,PT,38.7333,-27.0667,68.76,90,5,6.55,clear sky
560,Arlit,NE,18.7369,7.3853,89.42,27,95,8.57,overcast clouds
561,Savannah Bight,HN,16.45,-85.85,80.19,77,100,12.33,overcast clouds
562,Senador Jose Porfirio,BR,-2.5908,-51.9542,77.31,69,46,0.67,scattered clouds
563,Sembakung,ID,3.8167,117.25,72.63,99,97,1.66,overcast clouds
564,Roald,NO,62.5833,6.1333,58.15,94,75,3.44,broken clouds
565,Alta Floresta,BR,-9.8756,-56.0861,78.98,57,57,3.78,broken clouds
566,Ahipara,NZ,-35.1667,173.1667,58.75,82,100,4.43,overcast clouds
567,Tateyama,JP,34.9833,139.8667,73.09,92,100,17.94,overcast clouds
568,Fuerte Olimpo,PY,-21.0415,-57.8738,87.03,39,42,9.64,scattered clouds
569,Hervey Bay,AU,-25.2986,152.8535,59.59,58,53,8.95,broken clouds
570,Maumere,ID,-8.6199,122.2111,78.28,83,51,5.35,broken clouds
571,Siva,EG,29.2041,25.5195,82.67,37,0,12.48,clear sky
572,Nalut,LY,30.3333,10.85,79.83,21,0,11.34,clear sky
573,Praxedis Guerrero,MX,31.3667,-106.0167,100.18,14,19,16.22,few clouds
574,Villamontes,BO,-21.25,-63.5,64.22,48,34,4.61,scattered clouds
575,Angoche,MZ,-16.2325,39.9086,73.9,75,3,9.35,clear sky
576,Tamworth,GB,52.634,-1.6959,70.12,61,99,4.81,overcast clouds
577,Inhambane,MZ,-23.865,35.3833,61.84,63,0,7.96,clear sky
578,Okahandja,NA,-21.9833,16.9167,54.97,32,2,10.31,clear sky
579,Ribas Do Rio Pardo,BR,-20.4431,-53.7592,76.55,51,14,5.39,few clouds
580,Bud,US,39.447,-86.1758,94.19,70,62,11.12,broken clouds
581,Senador Pompeu,BR,-5.5881,-39.3717,72.21,86,38,4.63,scattered clouds
582,Mocorito,MX,25.4833,-107.9167,95.27,35,3,12.17,clear sky
583,Bantry,IE,51.6833,-9.45,56.7,95,100,5.19,overcast clouds
584,Ous,RU,60.9058,61.5186,57.13,80,37,4.47,scattered clouds
585,Muravlenko,RU,63.7898,74.523,51.21,60,100,18.45,overcast clouds
586,Hwange,ZW,-18.3693,26.5019,58.06,32,0,5.17,clear sky
587,Awbari,LY,26.5921,12.7805,81.81,20,0,7.76,clear sky
588,Mae Hong Son,TH,19.3003,97.9685,73.22,99,100,1.28,overcast clouds
589,Hambantota,LK,6.1241,81.1185,77.34,100,75,5.75,broken clouds
590,Namibe,AO,-15.1961,12.1522,63.39,82,0,5.53,clear sky
591,Dunmore,US,41.4198,-75.6324,72.88,85,100,10.0,overcast clouds
592,Imeni Poliny Osipenko,RU,52.4201,136.4853,51.93,92,100,6.69,overcast clouds
593,Astana,KZ,51.1801,71.446,53.55,82,0,4.47,clear sky
594,Darhan,MN,49.4867,105.9228,61.3,85,26,2.15,scattered clouds
595,North Platte,US,41.1239,-100.7654,91.29,31,75,15.01,broken clouds
596,Winnemucca,US,40.973,-117.7357,93.25,7,0,17.27,clear sky
597,Horki,BY,54.2861,30.9842,53.28,90,95,6.2,overcast clouds
598,Sao Domingos,BR,-13.3983,-46.3183,71.94,40,0,6.11,clear sky
599,Huarmey,PE,-10.0681,-78.1522,66.07,74,6,14.2,clear sky
600,Zabid,YE,14.1951,43.3152,87.98,44,78,6.04,broken clouds
601,Petropavlovsk-Kamchatskiy,RU,53.0452,158.6483,48.79,100,75,4.47,broken clouds
602,Amur,RU,54.0,128.0,57.78,62,8,4.23,clear sky
603,Garwa,IN,24.1833,83.8167,84.07,65,100,6.29,overcast clouds
604,Mingshui,CN,36.7167,117.5,78.98,58,37,7.18,scattered clouds
605,Korla,CN,41.7597,86.1469,74.73,37,99,12.55,overcast clouds
606,Egvekinot,RU,66.3167,-179.1667,35.31,99,100,3.31,light snow
607,Srednekolymsk,RU,67.45,153.6833,57.74,24,10,10.25,clear sky
608,Lethem,GY,3.3803,-59.7968,77.56,85,66,7.05,broken clouds
609,Ho Chi Minh City,VN,10.75,106.6667,82.42,83,40,3.44,scattered clouds
610,Severouralsk,RU,60.1533,59.952,61.18,79,92,3.51,overcast clouds
611,Alcudia,ES,39.8532,3.1214,82.38,53,76,3.58,broken clouds
612,Matamoros,MX,25.5333,-103.25,93.31,18,40,14.97,scattered clouds
613,Bay Roberts,CA,47.5999,-53.2648,59.65,64,0,10.89,clear sky
614,Kotlyarevskaya,RU,43.5734,44.0613,65.35,87,96,2.62,overcast clouds
615,Marsh Harbour,BS,26.5412,-77.0636,82.09,72,81,8.14,broken clouds
616,Mae Sai,TH,20.4335,99.8762,71.69,99,100,0.96,overcast clouds
617,Jabinyanah,TN,35.035,10.9081,76.69,64,0,8.14,clear sky
618,San Andres,CO,12.5847,-81.7006,78.82,94,75,2.3,broken clouds
619,Brae,GB,60.3964,-1.353,54.59,88,99,9.57,overcast clouds
620,Pacific Grove,US,36.6177,-121.9166,81.55,72,0,11.99,clear sky
621,Dhidhdhoo,MV,6.8833,73.1,82.87,75,99,14.5,overcast clouds
622,Nantucket,US,41.2835,-70.0995,65.08,82,0,14.97,clear sky
623,Ciudad Ojeda,VE,10.1964,-71.3082,85.32,68,25,3.22,scattered clouds
624,Susanville,US,40.4163,-120.653,78.64,18,0,19.57,clear sky
625,Sambava,MG,-14.2667,50.1667,68.36,88,4,5.53,clear sky
626,Sao Joao Da Barra,BR,-21.6403,-41.0511,69.13,75,0,12.3,clear sky
627,Manacapuru,BR,-3.2997,-60.6206,78.62,82,26,2.28,scattered clouds
628,Abu Zabad,SD,12.35,29.25,88.02,41,98,5.82,overcast clouds
629,Kristiansund,NO,63.1115,7.732,55.45,93,100,8.05,mist
630,Port Hardy,CA,50.6996,-127.4199,53.78,87,75,4.61,broken clouds
631,Cienfuegos,CU,22.1461,-80.4356,73.54,100,58,6.91,moderate rain
632,Waslala,NI,13.2333,-85.3833,78.13,84,97,2.01,overcast clouds
633,Calama,CL,-22.4667,-68.9333,54.09,20,0,20.71,clear sky
634,Tessaoua,NE,13.7574,7.9874,79.72,66,93,26.53,light rain
635,Atikokan,CA,48.7555,-91.6216,60.48,77,70,14.0,broken clouds
636,Wuxue,CN,29.8506,115.5525,73.9,90,86,3.27,overcast clouds
637,Hirado,JP,33.3597,129.5531,76.39,86,64,9.78,broken clouds
638,Yelizovo,RU,53.1873,158.3805,50.14,100,75,4.47,broken clouds
639,Ocos,GT,14.5094,-92.1933,86.18,79,100,9.73,overcast clouds
640,Teknaf,BD,20.8624,92.3058,77.16,91,100,8.14,overcast clouds
641,Ballina,AU,-28.8667,153.5667,51.78,69,0,7.85,clear sky
642,Turayf,SA,31.6725,38.6637,84.85,20,0,2.64,clear sky
643,Sabang,ID,5.8933,95.3214,82.17,76,100,12.15,overcast clouds
644,Jind,IN,29.3167,76.3167,84.67,50,16,10.25,few clouds
645,Joshimath,IN,30.5667,79.5667,66.6,82,99,0.25,overcast clouds
646,Xai-Xai,MZ,-25.0519,33.6442,60.15,55,0,4.9,clear sky
647,Hirara,JP,24.8,125.2833,79.07,100,75,11.5,broken clouds
648,Patiya,BD,22.2931,91.9762,74.66,94,99,7.67,overcast clouds
649,Gushikawa,JP,26.3544,127.8686,78.39,94,40,10.36,scattered clouds
650,Kuito,AO,-12.3833,16.9333,56.44,32,43,2.33,scattered clouds
651,Yashiro,JP,34.9167,134.9667,69.94,90,100,3.13,overcast clouds
652,Corvallis,US,44.5646,-123.262,68.9,55,75,8.05,broken clouds
653,Marsa Matruh,EG,31.3525,27.2453,73.58,82,0,5.95,clear sky
654,Opunake,NZ,-39.4556,173.8583,57.45,81,100,3.36,light rain
655,Loa Janan,ID,-0.583,117.095,72.23,99,92,1.3,overcast clouds
656,Tromso,NO,69.6496,18.957,44.62,81,20,12.66,few clouds
657,Say,NE,13.1007,2.3689,84.33,52,91,3.53,overcast clouds
658,Ozark,US,37.0209,-93.206,93.81,63,100,1.99,overcast clouds
659,Tiznit,MA,29.5833,-9.5,67.78,66,0,2.33,clear sky
660,Turi,IT,40.9173,17.0212,72.03,48,1,2.04,clear sky
661,Araguacu,BR,-12.9306,-49.8264,82.81,39,41,3.67,scattered clouds
662,Baykit,RU,61.67,96.37,64.35,81,69,2.98,broken clouds
